,70<=BG<=180,BG>180,BG<70,BG>250,BG<50,LBGI,HBGI,Risk Index
adult#001,95.1219512195122,4.878048780487805,0.0,0.0,0.0,0.0,2.104968462689262,2.104968462689262
