,70<=BG<=180,BG>180,BG<70,BG>250,BG<50,LBGI,HBGI,Risk Index
adult#001,4.857737682165164,0.5551700208188758,94.58709229701596,0.0,91.39486467730742,34.997880279359045,0.7739218837340839,35.77180216309313
