,70<=BG<=180,BG>180,BG<70,BG>250,BG<50,LBGI,HBGI,Risk Index
adult#001,48.099947943779284,27.485684539302447,24.414367516918272,0.8328995314940135,12.181155648099947,5.37581869335854,4.371309194669069,9.747127888027608
