,70<=BG<=180,BG>180,BG<70,BG>250,BG<50,LBGI,HBGI,Risk Index
adult#001,5.065926439972242,0.0,94.93407356002776,0.0,92.57460097154754,71.30523655173141,0.5864063058313097,71.89164285756272
