,70<=BG<=180,BG>180,BG<70,BG>250,BG<50,LBGI,HBGI,Risk Index
adult#001,40.804996530187374,0.3469812630117973,58.848022206800835,0.0,40.66620402498265,26.98560638782351,0.1593420928755668,27.14494848069907
